<?xml version="1.0"?>
<!--
/**
 * Copyright © 2013-2017 Magento, Inc. All rights reserved.
 * See COPYING.txt for license details.
 */
-->
<config xmlns:xsi="http://www.w3.org/2001/XMLSchema-instance" xsi:noNamespaceSchemaLocation="urn:magento:framework:Acl/etc/acl.xsd">
    <acl>
        <resources>
            <resource id="Magento_Backend::admin">
                <resource id="Magento_Reports::report">
                    <resource id="Magento_Reports::salesroot">
                        <resource id="PayPal_Braintree::settlement_report" title="Braintree Settlement" sortOrder="80" />
                    </resource>
                </resource>
            </resource>
        </resources>
    </acl>
</config>
