<?xml version="1.0"?>
<!--
  @copyright  Vertex. All rights reserved.  https://www.vertexinc.com/
  @author     Mediotype                     https://www.mediotype.com/
  -->
<config xmlns:xsi="http://www.w3.org/2001/XMLSchema-instance"
        xsi:noNamespaceSchemaLocation="urn:magento:framework:ObjectManager/etc/config.xsd">
    <type name="Magento\Framework\Notification\MessageList">
        <arguments>
            <argument name="messages" xsi:type="array">
                <item name="vertex_catalog" xsi:type="string">Vertex\Tax\Model\System\Message\Notification\DisplayTaxesInCatalog</item>
            </argument>
        </arguments>
    </type>
    <type name="Vertex\Tax\Model\ErrorMessageDisplayState">
        <arguments>
            <argument name="enabled" xsi:type="boolean">true</argument>
        </arguments>
    </type>
    <type name="Vertex\Tax\Model\Calculator">
        <arguments>
            <argument name="addMessageToVertexGroup" xsi:type="boolean">false</argument>
        </arguments>
    </type>

    <type name="Magento\Config\Model\Config\Structure\Element\Group">
        <plugin name="ConfigGroupPlugin" type="Vertex\Tax\Model\Plugin\GroupPlugin" sortOrder="1"/>
    </type>
    <type name="Magento\Customer\Model\Customer\DataProvider">
        <plugin name="ShowVertexCustomerAttributes" type="Vertex\Tax\Model\Plugin\CustomerDataProviderPlugin"/>
    </type>
    <type name="Magento\Customer\Model\Customer\DataProviderWithDefaultAddresses">
        <plugin name="ShowVertexCustomerAttributes" type="Vertex\Tax\Model\Plugin\CustomerDataProviderPlugin"/>
    </type>
    <type name="Vertex\Tax\Observer\OrderSavedAfterObserver">
        <arguments>
            <argument name="showSuccessMessage" xsi:type="boolean">true</argument>
        </arguments>
    </type>
    <type name="Vertex\Tax\Observer\InvoiceSavedAfterObserver">
        <arguments>
            <argument name="showSuccessMessage" xsi:type="boolean">true</argument>
        </arguments>
    </type>

    <virtualType name="Magento\Catalog\Ui\DataProvider\Product\Form\Modifier\Pool">
        <arguments>
            <argument name="modifiers" xsi:type="array">
                <item name="vertex-flex-fields" xsi:type="array">
                    <item name="class" xsi:type="string">Vertex\Tax\Ui\DataProvider\Product\Form\Modifier\FlexibleFields</item>
                    <item name="sortOrder" xsi:type="number">71</item>
                </item>
                <item name="vertex-commodity-code" xsi:type="array">
                    <item name="class" xsi:type="string">Vertex\Tax\Ui\DataProvider\Product\Form\Modifier\CommodityCode</item>
                    <item name="sortOrder" xsi:type="number">75</item>
                </item>
            </argument>
        </arguments>
    </virtualType>

    <type name="Vertex\Tax\Block\Adminhtml\Config\Form\Field\FlexibleCodeFields">
        <arguments>
            <argument name="data" xsi:type="array">
                <item name="template" xsi:type="string">Vertex_Tax::config/flexible_fields.phtml</item>
            </argument>
        </arguments>
    </type>
    <type name="Vertex\Tax\Block\Adminhtml\Config\Form\Field\FlexibleDateFields">
        <arguments>
            <argument name="data" xsi:type="array">
                <item name="template" xsi:type="string">Vertex_Tax::config/flexible_fields.phtml</item>
            </argument>
        </arguments>
    </type>
    <type name="Vertex\Tax\Block\Adminhtml\Config\Form\Field\FlexibleNumericFields">
        <arguments>
            <argument name="data" xsi:type="array">
                <item name="template" xsi:type="string">Vertex_Tax::config/flexible_fields.phtml</item>
            </argument>
        </arguments>
    </type>
</config>
