{
    "klarna_core_order": {
        "column": {
            "kco_order_id": true,
            "id": true,
            "klarna_checkout_id": true,
            "klarna_order_id": true,
            "session_id": true,
            "klarna_reservation_id": true,
            "reservation_id": true,
            "order_id": true,
            "is_acknowledged": true
        },
        "index": {
            "KLARNA_CORE_ORDER_IS_ACKNOWLEDGED": true,
            "KLARNA_CORE_ORDER_ORDER_ID": true
        },
        "constraint": {
            "PRIMARY": true
        }
    },
    "klarna_logs": {
        "column": {
            "log_id": true,
            "status": true,
            "action": true,
            "klarna_id": true,
            "increment_id": true,
            "url": true,
            "method": true,
            "service": true,
            "request": true,
            "response": true,
            "created_at": true
        },
        "index": {
            "KLARNA_LOGS_ORDER_ID": true,
            "KLARNA_LOGS_KLARNA_ID": true,
            "KLARNA_LOGS_ACTION_KLARNA_ID_INCREMENT_ID_URL": true
        },
        "constraint": {
            "PRIMARY": true
        }
    }
}