<?xml version="1.0"?>
<!--
/**
 * Copyright 2020 Adobe
 * All Rights Reserved.
 */
-->
<config xmlns:xsi="http://www.w3.org/2001/XMLSchema-instance" xsi:noNamespaceSchemaLocation="urn:magento:framework:Module/etc/module.xsd">
    <module name="PayPal_Braintree" setup_version="4.6.1">
        <sequence>
            <module name="Magento_Customer"/>
            <module name="Magento_Config"/>
            <module name="Magento_Sales"/>
            <module name="Magento_Directory"/>
            <module name="Magento_Payment"/>
            <module name="Magento_Checkout"/>
            <module name="Magento_Vault"/>
            <module name="Magento_Catalog"/>
            <module name="Magento_Quote"/>
            <module name="Magento_Paypal"/>
            <module name="Magento_Theme"/>
            <module name="Magento_Ui"/>
            <module name="Magento_InstantPurchase"/>
            <module name="Magento_Multishipping"/>
            <module name="Magento_ReCaptchaUi"/>
            <module name="Magento_ReCaptchaWebapiApi"/>
            <module name="Magento_ReCaptchaCheckout"/>
        </sequence>
    </module>
</config>
