<?xml version="1.0"?>
<!--
/**
 * Copyright © Magento, Inc. All rights reserved.
 * See COPYING.txt for license details.
 */
-->
<config xmlns:xsi="http://www.w3.org/2001/XMLSchema-instance" xsi:noNamespaceSchemaLocation="urn:magento:framework:ObjectManager/etc/config.xsd">
    <type name="Magento\Checkout\Model\CompositeConfigProvider">
        <arguments>
            <argument name="configProviders" xsi:type="array">
                <item name="braintree_config_provider" xsi:type="object">PayPal\Braintree\Model\Ui\ConfigProvider</item>
                <item name="braintree_vault_config_provider" xsi:type="object">PayPal\Braintree\Model\Ui\Vault\ConfigProvider</item>
                <item name="braintree_paypal_config_provider" xsi:type="object">PayPal\Braintree\Model\Ui\PayPal\ConfigProvider</item>
                <item name="braintree_applepay_config_provider" xsi:type="object">PayPal\Braintree\Model\ApplePay\Ui\ConfigProvider</item>
                <item name="braintree_googlepay_config_provider" xsi:type="object">PayPal\Braintree\Model\GooglePay\Ui\ConfigProvider</item>
                <item name="braintree_venmo_config_provider" xsi:type="object">PayPal\Braintree\Model\Venmo\Ui\ConfigProvider</item>
                <item name="braintree_ach_config_provider" xsi:type="object">PayPal\Braintree\Model\Ach\Ui\ConfigProvider</item>
                <item name="braintree_lpm_config_provider" xsi:type="object">PayPal\Braintree\Model\Lpm\Ui\ConfigProvider</item>
                <item name="braintree_recaptcha_config_provider" xsi:type="object">PayPal\Braintree\Model\CheckoutConfigProvider</item>
            </argument>
        </arguments>
    </type>

    <type name="Magento\Payment\Model\CcGenericConfigProvider">
        <arguments>
            <argument name="methodCodes" xsi:type="array">
                <item name="braintree" xsi:type="const">PayPal\Braintree\Model\Ui\ConfigProvider::CODE</item>
            </argument>
        </arguments>
    </type>

    <type name="PayPal\Braintree\Block\Info">
        <arguments>
            <argument name="data" xsi:type="array">
                <item xsi:type="string" name="is_secure_mode">1</item>
            </argument>
        </arguments>
    </type>

    <type name="Magento\Vault\Model\Ui\TokensConfigProvider">
        <arguments>
            <argument name="tokenUiComponentProviders" xsi:type="array">
                <item name="braintree" xsi:type="object">PayPal\Braintree\Model\Ui\TokenUiComponentProvider</item>
                <item name="braintree_paypal" xsi:type="object">PayPal\Braintree\Model\Ui\PayPal\TokenUiComponentProvider</item>
            </argument>
        </arguments>
    </type>

    <type name="PayPal\Braintree\Controller\Payment\GetNonce">
        <arguments>
            <argument name="session" xsi:type="object">Magento\Customer\Model\Session</argument>
        </arguments>
    </type>

    <type name="PayPal\Braintree\Controller\Payment\UpdatePaymentMethod">
        <arguments>
            <argument name="session" xsi:type="object">Magento\Customer\Model\Session\Proxy</argument>
        </arguments>
    </type>

    <type name="PayPal\Braintree\Block\Paypal\Button">
        <arguments>
            <argument name="data" xsi:type="array">
                <item name="template" xsi:type="string">PayPal_Braintree::paypal/button.phtml</item>
                <item name="alias" xsi:type="string">braintree.paypal.mini-cart</item>
                <item name="button_id" xsi:type="string">braintree-paypal-mini-cart</item>
            </argument>
            <argument name="payment" xsi:type="object">BraintreePayPalFacade</argument>
        </arguments>
    </type>

    <type name="PayPal\Braintree\Block\ApplePay\Shortcut\Button">
        <arguments>
            <argument name="data" xsi:type="array">
                <item name="template" xsi:type="string">PayPal_Braintree::applepay/shortcut.phtml</item>
                <item name="alias" xsi:type="string">braintree.applepay.mini-cart</item>
                <item name="button_id" xsi:type="string">braintree-applepay-mini-cart</item>
            </argument>
            <argument name="payment" xsi:type="object">BraintreeApplePay</argument>
        </arguments>
    </type>

    <type name="PayPal\Braintree\Block\ApplePay\Product\View">
        <arguments>
            <argument name="payment" xsi:type="object">BraintreeApplePay</argument>
        </arguments>
    </type>

    <type name="PayPal\Braintree\Block\GooglePay\Shortcut\Button">
        <arguments>
            <argument name="data" xsi:type="array">
                <item name="template" xsi:type="string">PayPal_Braintree::googlepay/shortcut.phtml</item>
                <item name="alias" xsi:type="string">braintree.googlepay.mini-cart</item>
                <item name="button_id" xsi:type="string">braintree-googlepay-mini-cart</item>
            </argument>
            <argument name="payment" xsi:type="object">BraintreeGooglePay</argument>
        </arguments>
    </type>

    <type name="Magento\Catalog\Block\Product\ListProduct">
        <plugin name="braintreeProductDetailsBlockPlugin" type="\PayPal\Braintree\Plugin\ProductDetailsBlockPlugin" />
    </type>

    <type name="Magento\Vault\Api\PaymentTokenRepositoryInterface">
        <plugin name="braintreeDeleteStoredPaymentPlugin" type="\PayPal\Braintree\Plugin\DeleteStoredPaymentPlugin" />
    </type>

    <type name="Magento\Checkout\Block\Onepage">
        <arguments>
            <argument name="layoutProcessors" xsi:type="array">
                <item name="braintree_recaptcha" xsi:type="object">\PayPal\Braintree\Block\LayoutProcessor\Checkout\Onepage</item>
            </argument>
        </arguments>
    </type>
</config>
