<?xml version="1.0" encoding="UTF-8"?>
<csp_whitelist xmlns:xsi="http://www.w3.org/2001/XMLSchema-instance" xsi:noNamespaceSchemaLocation="urn:magento:module:Magento_Csp:etc/csp_whitelist.xsd">
    <policies>
        <policy id="connect-src">
            <values>
                <value id="amazon_com" type="host">*.amazon.com</value>
                <value id="amazon_co_uk" type="host">*.amazon.co.uk</value>
                <value id="amazon_co_jp" type="host">*.amazon.co.jp</value>
                <value id="amazon_jp" type="host">*.amazon.jp</value>
                <value id="amazon_it" type="host">*.amazon.it</value>
                <value id="amazon_fr" type="host">*.amazon.fr</value>
                <value id="amazon_es" type="host">*.amazon.es</value>
                <value id="amazonpay_com" type="host">*.amazonpay.com</value>
                <value id="amazonpay_co_uk" type="host">*.amazonpay.co.uk</value>
                <value id="amazonpay_co_jp" type="host">*.amazonpay.co.jp</value>
                <value id="amazonpay_jp" type="host">*.amazonpay.jp</value>
                <value id="amazonpay_it" type="host">*.amazonpay.it</value>
                <value id="amazonpay_fr" type="host">*.amazonpay.fr</value>
                <value id="amazonpay_es" type="host">*.amazonpay.es</value>
                <value id="amazonservices_com" type="host">mws.amazonservices.com</value>
                <value id="amazonservices_co_uk" type="host">mws.amazonservices.co.uk</value>
                <value id="amazonservices_co_jp" type="host">mws.amazonservices.co.jp</value>
                <value id="amazonservices_jp" type="host">mws.amazonservices.jp</value>
                <value id="amazonservices_it" type="host">mws.amazonservices.it</value>
                <value id="amazonservices_fr" type="host">mws.amazonservices.fr</value>
                <value id="amazonservices_es" type="host">mws.amazonservices.es</value>
            </values>
        </policy>
        <policy id="script-src">
            <values>
                <value id="amazon_payment_widget_com" type="host">*.payments-amazon.com</value>
                <value id="amazon_payment_widget_co_uk" type="host">*.payments-amazon.co.uk</value>
                <value id="amazon_payment_widget_co_jp" type="host">*.payments-amazon.co.jp</value>
                <value id="amazon_payment_widget_jp" type="host">*.payments-amazon.jp</value>
                <value id="amazon_payment_widget_it" type="host">*.payments-amazon.it</value>
                <value id="amazon_payment_widget_fr" type="host">*.payments-amazon.fr</value>
                <value id="amazon_payment_widget_es" type="host">*.payments-amazon.es</value>
            </values>
        </policy>
        <policy id="img-src">
            <values>
                <value id="amazon_cloudfront01" type="host">d3sbl0c71oxeok.cloudfront.net</value>
                <value id="amazon_cloudfront02" type="host">dhkkzdfmpzvap.cloudfront.net</value>
                <value id="amazon_cloudfront03" type="host">d2bpzs5y44q6e0.cloudfront.net</value>
                <value id="amazon_cloudfront04" type="host">d37shgu97oizpd.cloudfront.net</value>
                <value id="amazon_cloudfront05" type="host">d1zlqll3enr74n.cloudfront.net</value>
                <value id="amazon_cloudfront06" type="host">d1jynp0fpwn93a.cloudfront.net</value>
                <value id="amazon_cloudfront07" type="host">d2cb3tokgpwh3v.cloudfront.net</value>
                <value id="amazon_cloudfront08" type="host">d1re8bfxx3pw6e.cloudfront.net</value>
                <value id="amazon_cloudfront09" type="host">d35u8xwkxs8vpe.cloudfront.net</value>
                <value id="amazon_cloudfront10" type="host">d13s9xffygp5o.cloudfront.net</value>
                <value id="amazon_cloudfront11" type="host">d388nbw0dwi1jm.cloudfront.net</value>
                <value id="amazon_cloudfront12" type="host">d11p2vtu3dppaw.cloudfront.net</value>
                <value id="amazon_cloudfront13" type="host">d3r89hiip86hka.cloudfront.net</value>
                <value id="amazon_cloudfront14" type="host">dc7snq0c8ipyk.cloudfront.net</value>
                <value id="amazon_cloudfront15" type="host">d5c7kvljggzso.cloudfront.net</value>
                <value id="amazon_cloudfront16" type="host">d2h8yg3ypfzua1.cloudfront.net</value>
                <value id="amazon_cloudfront17" type="host">d1b556x7apj5fb.cloudfront.net</value>
                <value id="amazon_cloudfront18" type="host">draz1ib3z71v2.cloudfront.net</value>
                <value id="amazon_cloudfront19" type="host">dr6hdp4s5yzfc.cloudfront.net</value>
                <value id="amazon_cloudfront20" type="host">d2bomicxw8p7ii.cloudfront.net</value>
                <value id="amazon_cloudfront21" type="host">d3aypcdgvjnnam.cloudfront.net</value>
                <value id="amazon_cloudfront22" type="host">d2a3iuf10348gy.cloudfront.net</value>
                <value id="ssl_images_amazon_com" type="host">*.ssl-images-amazon.com</value>
                <value id="ssl_images_amazon_co_uk" type="host">*.ssl-images-amazon.co.uk</value>
                <value id="ssl_images_amazon_co_jp" type="host">*.ssl-images-amazon.co.jp</value>
                <value id="ssl_images_amazon_jp" type="host">*.ssl-images-amazon.jp</value>
                <value id="ssl_images_amazon_it" type="host">*.ssl-images-amazon.it</value>
                <value id="ssl_images_amazon_fr" type="host">*.ssl-images-amazon.fr</value>
                <value id="ssl_images_amazon_es" type="host">*.ssl-images-amazon.es</value>
                <value id="media_amazon_com" type="host">*.media-amazon.com</value>
                <value id="media_amazon_co_uk" type="host">*.media-amazon.co.uk</value>
                <value id="media_amazon_co_jp" type="host">*.media-amazon.co.jp</value>
                <value id="media_amazon_jp" type="host">*.media-amazon.jp</value>
                <value id="media_amazon_it" type="host">*.media-amazon.it</value>
                <value id="media_amazon_fr" type="host">*.media-amazon.fr</value>
                <value id="media_amazon_es" type="host">*.media-amazon.es</value>
            </values>
        </policy>
        <policy id="form-action">
            <values>
                <value id="amazon_com" type="host">*.amazon.com</value>
                <value id="amazon_co_uk" type="host">*.amazon.co.uk</value>
                <value id="amazon_co_jp" type="host">*.amazon.co.jp</value>
                <value id="amazon_jp" type="host">*.amazon.jp</value>
                <value id="amazon_it" type="host">*.amazon.it</value>
                <value id="amazon_fr" type="host">*.amazon.fr</value>
                <value id="amazon_es" type="host">*.amazon.es</value>
            </values>
        </policy>
        <policy id="frame-src">
            <values>
                <value id="amazon_com" type="host">*.amazon.com</value>
                <value id="amazon_co_uk" type="host">*.amazon.co.uk</value>
                <value id="amazon_co_jp" type="host">*.amazon.co.jp</value>
                <value id="amazon_jp" type="host">*.amazon.jp</value>
                <value id="amazon_it" type="host">*.amazon.it</value>
                <value id="amazon_fr" type="host">*.amazon.fr</value>
                <value id="amazon_es" type="host">*.amazon.es</value>
                <value id="amazon_payment_widget_com" type="host">*.payments-amazon.com</value>
                <value id="amazon_payment_widget_co_uk" type="host">*.payments-amazon.co.uk</value>
                <value id="amazon_payment_widget_co_jp" type="host">*.payments-amazon.co.jp</value>
                <value id="amazon_payment_widget_jp" type="host">*.payments-amazon.jp</value>
                <value id="amazon_payment_widget_it" type="host">*.payments-amazon.it</value>
                <value id="amazon_payment_widget_fr" type="host">*.payments-amazon.fr</value>
                <value id="amazon_payment_widget_es" type="host">*.payments-amazon.es</value>
            </values>
        </policy>
    </policies>
</csp_whitelist>
