<?xml version="1.0"?>
<!--
/**
 * This file is part of the Klarna Core module
 *
 * (c) Klarna Bank AB (publ)
 *
 * For the full copyright and license information, please view the NOTICE
 * and LICENSE files that were distributed with this source code.
 */
-->
<config xmlns:xsi="http://www.w3.org/2001/XMLSchema-instance" xsi:noNamespaceSchemaLocation="urn:magento:module:Magento_Cron:etc/crontab.xsd">
    <group id="default">
        <job name="klarna_core_clean_logs" instance="Klarna\Core\Cron\CleanLogs" method="execute">
            <schedule>0 0 * * *</schedule>
        </job>
        <job name="klarna_core_update_api_log" instance="Klarna\Core\Cron\UpdateApiLog" method="execute">
            <schedule>* * * * *</schedule>
        </job>
    </group>
</config>
