<?xml version="1.0"?>
<!--
/**
 * Copyright © Magento, Inc. All rights reserved.
 * See COPYING.txt for license details.
 */
-->
<config xmlns:xsi="http://www.w3.org/2001/XMLSchema-instance" xsi:noNamespaceSchemaLocation="urn:magento:framework:Module/etc/module.xsd">
    <module name="PayPal_BraintreeCustomerBalance">
        <sequence>
            <module name="PayPal_Braintree"/>
            <module name="Magento_CustomerBalance"/>
            <module name="Magento_Quote"/>
            <module name="Magento_Sales"/>
        </sequence>
    </module>
</config>
